Organization,Segment,City / Market,State,Website,Public Contact,Candidate Signal,Priority,Why It Matters,Source URL
Insurance School of Texas,Insurance School,Houston,TX,https://www.insuranceschooloftexas.com/,info@inschooltx.com | 713-589-9275,"Life, P&C, Life & Health; in-person/webinar/self-study",Very High,"Direct competitor/partner candidate with strong local student flow; consider affiliate, supplemental practice, or white-label angle.",https://www.insuranceschooloftexas.com/contact-us/
Texas Insurance Training Academy,Insurance School,Irving / Houston,TX,https://texasinsurancetrainingacademy.com/,info@examtx.com | 855-444-6499,"Classroom, online, webinar; Dallas/Irving + Houston",Very High,Multi-campus Texas licensing pipeline; strong partner prospect.,https://texasinsurancetrainingacademy.com/contact
Kaplan Financial Education,Insurance School,Online / Texas,TX,https://www.kaplanfinancial.com/insurance/texas,,"Life & Health, P&C, Personal Lines, Adjuster",High,Major provider; partnership may be harder but audience value is very high.,https://www.kaplanfinancial.com/insurance/texas
Aceable Insurance,Insurance School,Online / Texas,TX,https://insurance.aceable.com/pre-license/texas/,sales@aceable.com,"Life & Health, P&C, all-in-one",High,Large digital Texas audience; strategic integration/referral opportunity.,https://insurance.aceable.com/insurance-partnerships/
XCEL Solutions,Insurance School,Online / Texas,TX,https://www.xcelsolutions.com/texas,clientservices@xcelsolutions.com,"Life & Health, P&C, Personal Lines",High,Large national training platform with Texas-specific programs.,https://info.xcelsolutions.com/introducing-the-new-improved-xcel-user-experience
WebCE,Insurance School,Online / Texas,TX,https://www.webce.com/insurance-exam-prep/property-casualty,sales@webce.com,Insurance exam prep and CE,High,Large insurance education audience; partnership may require channel/business-development outreach.,https://blog.webce.com/article/sec-financial-responsibility-rules-for-broker-dealers
AD Banker,Insurance School,Online / Texas,TX,https://www.adbanker.com/,,Insurance prelicensing / exam prep,High,Recommended by IIAT for Texas pre-licensing; credible distribution target.,https://www.iiat.org/education-and-ce/licensing-requirements/pre-licensing
TSS Licensing / Trusted Senior Specialists,Insurance School,Online / Texas,TX,https://www.tsslicense.com/,Support@TSINational.com,"Life & Health, P&C licensing",Medium,Low-price Texas licensing provider; potential cross-sell or affiliate prospect.,https://www.tsslicense.com/
Independent Insurance Agents of Texas (IIAT),Association / Education,Austin,TX,https://www.iiat.org/,jmcwilliams@iiat.org | 512-493-2400,Pre-licensing resources + CE + agency network,Very High,"Association says it serves nearly 1,500 independent agencies; partnership could unlock distribution at scale.",https://www.iiat.org/education-and-ce/leadership-development
