Organization,Segment,City / Market,State,Website,Public Contact,Recruiting Signal,Priority,Why It Matters,Source URL
Independent Insurance Agents of Texas (IIAT) Career Network,Insurance Association / Recruiting Network,Statewide / Austin,TX,https://iiat-careers.careerplug.com/jobs,800-880-7428 | 512-476-6281,"Nearly 1,500 member agencies; promotes insurance careers",Very High,Highest-leverage agency channel: partner with association or member agencies.,https://iiat-careers.careerplug.com/jobs
Summit Insurance Brokerage of Texas,Insurance Agency / Brokerage,Texas,TX,https://www.tsibt.com/careers,,Entry-level sales producer role includes licensing training,Very High,Excellent target: candidates are explicitly guided through licensing and state exam process.,https://www.tsibt.com/careers
Dallas Insurance / Pinnacle Life Group,Insurance Agency / Life Recruiting,Dallas,TX,https://www.dallasinsurance.com/join-the-team,,Free life-insurance sales training; recruits independent contractor agents,Very High,Direct Life Insurance candidate pipeline; MyEasyPass fits immediately.,https://www.dallasinsurance.com/join-the-team
SOGO Insurance,Insurance Brokerage,San Antonio,TX,https://sogoinsurance.com/about/careers/,info@sogoinsurance.com | 210-741-8398,Comprehensive training + mentorship for producers,High,Partner with recruiting/producer development team.,https://sogoinsurance.com/about/careers/
ORR & Associates Insurance Services,Insurance Agency / Brokerage,Cedar Park,TX,https://www.joinorr.com/,lgoodnight@orrandassociates.com | 512-662-1509,Actively recruits agents; hands-on training and mentoring,Very High,Strong independent-agency recruiting funnel; easy referral pilot target.,https://www.joinorr.com/
The Agent's Office,Insurance Agency,Frisco / Statewide Remote,TX,https://theagentsoffice.com/careers/,972-696-9995,Hires P&C and life agents remotely across Texas,High,Statewide recruiting audience; candidate readiness or pre-hire study resource.,https://theagentsoffice.com/careers/
Globe Life,Insurance Carrier / Agent Recruiting,McKinney / Statewide,TX,https://careers.globelifeinsurance.com/jobs/jobs-by-category,,Insurance Agent career path; McKinney HQ and sales operations,High,Large-scale agent recruiting organization; business-development pitch rather than local outreach.,https://careers.globelifeinsurance.com/jobs/jobs-by-category
Symmetry Financial Group,Insurance Sales Organization,Dallas / Houston,TX,https://careers.smartrecruiters.com/SymmetryFinancialGroup7,,Active job locations in Dallas and Houston,High,Recruiting-based lead source; explore licensing-stage candidate funnel.,https://careers.smartrecruiters.com/SymmetryFinancialGroup7
Daniel Lottinger - State Farm Agency,Insurance Agency,Houston,TX,https://daniellottinger.com/jobs,281-547-7209,Multiple insurance/financial-services openings including Life/Health,Medium,Hyper-local pilot: offer candidate readiness link to hiring agency.,https://daniellottinger.com/jobs
USA Benefits Group - Houston,Insurance Agency / Network,Houston,TX,,713-357-7706,Health/life focus; states it develops professional careers of sales agents,Medium,Local recruiting/training signal; worth direct outreach.,https://www.google.com/search?q=USA+Benefits+Group+Houston
Independent Insurance Agents of Houston,Insurance Association,Houston,TX,https://www.iiah.org/page/Licensing,832-769-4666,Licensing guidance and exam-prep referrals,High,Local association could distribute MyEasyPass to candidates/member agencies.,https://www.iiah.org/page/Licensing
Independent Insurance Agents of Dallas,Insurance Association,Dallas,TX,https://www.iiadallas.org/page/94,,Licensing guidance and exam-prep referrals,High,Local association channel similar to Houston.,https://www.iiadallas.org/page/94
