Organization,Segment,City / Market,State,Website,Public Contact,TREC Sales-Agent Exam Count,Priority,Why It Matters,Source URL
Champions School of Real Estate LTD,Real Estate School,Statewide / Houston,TX,https://www.championsschool.com/,Support@ChampionsSchool.com,15547,Very High,Largest exam-volume provider in TREC table; seven Texas campuses/online; prime partnership target.,https://www.trec.texas.gov/education/education-provider-exam-passage-rates-sales-agents-and-brokers/
AceableAgent,Real Estate School,Online / Texas,TX,https://www.aceableagent.com/,sales@aceable.com,8516,Very High,Very large Texas exam pipeline; digital-first audience and strong fit for post-course exam prep.,https://www.trec.texas.gov/education/education-provider-exam-passage-rates-sales-agents-and-brokers/
Kaplan Real Estate Education,Real Estate School,Online / Texas,TX,https://www.kapre.com/,,1280,Very High,Large exam volume; also supplies licensing curriculum to brokerage recruiting programs.,https://www.trec.texas.gov/education/education-provider-exam-passage-rates-sales-agents-and-brokers/
The CE Shop LLC,Real Estate School,Online / Texas,TX,https://www.theceshop.com/,marketing@theceshop.com,1077,Very High,Large online education audience; potential co-marketing/referral channel.,https://www.trec.texas.gov/education/education-provider-exam-passage-rates-sales-agents-and-brokers/
The Real Estate Business School,Real Estate School,Austin,TX,,512-453-0900,862,High,Established Austin provider with substantial exam volume.,https://www.trec.texas.gov/education/education-provider-exam-passage-rates-sales-agents-and-brokers/
AYPORealEstate.com,Real Estate School,Online / Texas,TX,https://www.ayporealestate.com/,,566,High,Meaningful statewide exam volume; digital partner prospect.,https://www.trec.texas.gov/education/education-provider-exam-passage-rates-sales-agents-and-brokers/
Academy of Real Estate of El Paso,Real Estate School,El Paso,TX,,,370,High,Strong West Texas / El Paso student pipeline.,https://www.trec.texas.gov/education/education-provider-exam-passage-rates-sales-agents-and-brokers/
A Fast Track Realty School,Real Estate School,Texas,TX,,,298,High,Meaningful candidate volume; likely approachable independent-school partnership.,https://www.trec.texas.gov/education/education-provider-exam-passage-rates-sales-agents-and-brokers/
360training.com Inc.,Real Estate School,Online / Texas,TX,https://www.360training.com/,sales@360training.com,290,High,Large digital training company with Texas real-estate students.,https://www.trec.texas.gov/education/education-provider-exam-passage-rates-sales-agents-and-brokers/
Train Agents Inc.,Real Estate School,Keller,TX,,866-948-7246,121,Medium,North Texas provider with candidate volume.,https://www.trec.texas.gov/education/education-provider-exam-passage-rates-sales-agents-and-brokers/
REALTOR Academy,Real Estate School,Texas,TX,,,105,Medium,Association-linked education audience; useful distribution channel.,https://www.trec.texas.gov/education/education-provider-exam-passage-rates-sales-agents-and-brokers/
License Classroom LLC,Real Estate School,Texas,TX,,,100,Medium,Smaller provider but enough volume for affiliate outreach.,https://www.trec.texas.gov/education/education-provider-exam-passage-rates-sales-agents-and-brokers/
Learn Texas Real Estate Online,Real Estate School,Online / Texas,TX,,,67,Medium,Online Texas-specific provider; likely partnership-friendly.,https://www.trec.texas.gov/education/education-provider-exam-passage-rates-sales-agents-and-brokers/
VanEd,Real Estate School,Online / Texas,TX,https://www.vaned.com/,303-245-0258,59,Medium,Online provider serving Texas candidates.,https://www.trec.texas.gov/education/education-provider-exam-passage-rates-sales-agents-and-brokers/
Continuing Education for Licensing Inc.,Real Estate School,Texas,TX,,,34,Medium,Smaller provider with broker and sales-agent activity.,https://www.trec.texas.gov/education/education-provider-exam-passage-rates-sales-agents-and-brokers/
Texas State Online Real Estate LLC,Real Estate School,Houston,TX,,713-503-8958,28,Medium,Texas-focused online provider; Houston-based contact.,https://www.trec.texas.gov/education/education-provider-exam-passage-rates-sales-agents-and-brokers/
Pioneer School of Real Estate LLC,Real Estate School,Texas,TX,,,28,Medium,Independent provider; approachable channel partner.,https://www.trec.texas.gov/education/education-provider-exam-passage-rates-sales-agents-and-brokers/
Real Estate Training and Technology Licensing School,Real Estate School,Texas,TX,,,18,Low,Small provider; long-tail partnership target.,https://www.trec.texas.gov/education/education-provider-exam-passage-rates-sales-agents-and-brokers/
Ford High School,Real Estate School / Education,Texas,TX,,,18,Low,Education pipeline; possible institutional outreach.,https://www.trec.texas.gov/education/education-provider-exam-passage-rates-sales-agents-and-brokers/
All About Texas Real Estate LLC,Real Estate School,Texas,TX,,,12,Low,Small independent provider.,https://www.trec.texas.gov/education/education-provider-exam-passage-rates-sales-agents-and-brokers/
AbsoluteCE,Real Estate School,Texas,TX,,,10,Low,"Small provider, potential affiliate relationship.",https://www.trec.texas.gov/education/education-provider-exam-passage-rates-sales-agents-and-brokers/
Modern Agent Institute,Real Estate School,Texas,TX,,,9,Low,Small provider; agent-development positioning possible.,https://www.trec.texas.gov/education/education-provider-exam-passage-rates-sales-agents-and-brokers/
License Lion,Real Estate School,Texas,TX,,,7,Low,Small online/provider prospect.,https://www.trec.texas.gov/education/education-provider-exam-passage-rates-sales-agents-and-brokers/
Lewisville Independent School District,Real Estate School / Education,Lewisville,TX,,,6,Low,Institutional education path; lower immediate priority.,https://www.trec.texas.gov/education/education-provider-exam-passage-rates-sales-agents-and-brokers/
MLS Campus Inc,Real Estate School,Texas,TX,,,5,Low,Small provider.,https://www.trec.texas.gov/education/education-provider-exam-passage-rates-sales-agents-and-brokers/
REAL Agent Services LLC,Real Estate School,Texas,TX,,,4,Low,Small provider.,https://www.trec.texas.gov/education/education-provider-exam-passage-rates-sales-agents-and-brokers/
Purvis Real Estate Training Institute,Real Estate School,Texas,TX,,,3,Low,Small provider.,https://www.trec.texas.gov/education/education-provider-exam-passage-rates-sales-agents-and-brokers/
Ysleta Independent School District,Real Estate School / Education,El Paso,TX,,,5,Low,Institutional education path in El Paso.,https://www.trec.texas.gov/education/education-provider-exam-passage-rates-sales-agents-and-brokers/
Perry Real Estate School,Real Estate School,Texas,TX,,,1,Low,Small provider.,https://www.trec.texas.gov/education/education-provider-exam-passage-rates-sales-agents-and-brokers/
